{
  "Cond B": {
    "name": "Cond B",
    "n_sentences": 128,
    "avg_eojeols": 15.4921875,
    "median_eojeols": 13.0,
    "avg_tokens": 74.734375,
    "median_tokens": 62.0,
    "sent_final_ratio": 1.0,
    "avg_morphemes": 34.8125,
    "avg_unique_morphemes": 28.7890625,
    "avg_umr": 0.8742332752004781,
    "avg_ttr": 0.8742332752004781,
    "avg_sfs": 2.3044019486797716,
    "total_unique_morphemes": 1510,
    "total_unique_tokens": 527
  },
  "Cond C": {
    "name": "Cond C",
    "n_sentences": 128,
    "avg_eojeols": 10.8203125,
    "median_eojeols": 11.0,
    "avg_tokens": 70.421875,
    "median_tokens": 67.0,
    "sent_final_ratio": 1.0,
    "avg_morphemes": 25.015625,
    "avg_unique_morphemes": 24.0,
    "avg_umr": 0.97059609375,
    "avg_ttr": 0.73818359375,
    "avg_sfs": 6.802734374999999,
    "total_unique_morphemes": 1934,
    "total_unique_tokens": 846
  },
  "Cond C_v2": {
    "name": "Cond C_v2",
    "n_sentences": 128,
    "avg_eojeols": 10.8203125,
    "median_eojeols": 11.0,
    "avg_tokens": 70.421875,
    "median_tokens": 67.0,
    "sent_final_ratio": 1.0,
    "avg_morphemes": 25.015625,
    "avg_unique_morphemes": 24.0,
    "avg_umr": 0.97059609375,
    "avg_ttr": 0.73818359375,
    "avg_sfs": 6.802734374999999,
    "total_unique_morphemes": 1934,
    "total_unique_tokens": 846
  },
  "Cond C_v3": {
    "name": "Cond C_v3",
    "n_sentences": 128,
    "avg_eojeols": 10.84375,
    "median_eojeols": 11.0,
    "avg_tokens": 61.6875,
    "median_tokens": 63.0,
    "sent_final_ratio": 1.0,
    "avg_morphemes": 22.28125,
    "avg_unique_morphemes": 21.7734375,
    "avg_umr": 0.9812093749999999,
    "avg_ttr": 0.7415679687500001,
    "avg_sfs": 6.569140625,
    "total_unique_morphemes": 1726,
    "total_unique_tokens": 570
  }
}