{
  "fp16": {
    "ppl": 19.34,
    "nll": 2.962,
    "n_tokens": 39186
  },
  "A": {
    "ppl": 21.662,
    "nll": 3.075561,
    "n_tokens": 39186
  },
  "C_v3": {
    "ppl": 20.0794,
    "nll": 2.999696,
    "n_tokens": 39186
  }
}